-- MySQL dump 10.16  Distrib 10.1.21-MariaDB, for Linux (x86_64)
--
-- Host: localhost    Database: localhost
-- ------------------------------------------------------
-- Server version	10.1.21-MariaDB

/*!40101 SET @OLD_CHARACTER_SET_CLIENT=@@CHARACTER_SET_CLIENT */;
/*!40101 SET @OLD_CHARACTER_SET_RESULTS=@@CHARACTER_SET_RESULTS */;
/*!40101 SET @OLD_COLLATION_CONNECTION=@@COLLATION_CONNECTION */;
/*!40101 SET NAMES utf8 */;
/*!40103 SET @OLD_TIME_ZONE=@@TIME_ZONE */;
/*!40103 SET TIME_ZONE='+00:00' */;
/*!40014 SET @OLD_UNIQUE_CHECKS=@@UNIQUE_CHECKS, UNIQUE_CHECKS=0 */;
/*!40014 SET @OLD_FOREIGN_KEY_CHECKS=@@FOREIGN_KEY_CHECKS, FOREIGN_KEY_CHECKS=0 */;
/*!40101 SET @OLD_SQL_MODE=@@SQL_MODE, SQL_MODE='NO_AUTO_VALUE_ON_ZERO' */;
/*!40111 SET @OLD_SQL_NOTES=@@SQL_NOTES, SQL_NOTES=0 */;

--
-- Table structure for table `attaches`
--

DROP TABLE IF EXISTS `attaches`;
/*!40101 SET @saved_cs_client     = @@character_set_client */;
/*!40101 SET character_set_client = utf8 */;
CREATE TABLE `attaches` (
  `attach_id` int(11) NOT NULL AUTO_INCREMENT,
  `attach_type` varchar(20) NOT NULL,
  `for_project_id` int(11) NOT NULL,
  `for_respond_id` int(11) NOT NULL,
  `file_name` varchar(38) NOT NULL,
  `url` varchar(255) NOT NULL,
  `created` int(10) NOT NULL,
  `user_id` int(11) NOT NULL,
  PRIMARY KEY (`attach_id`)
) ENGINE=InnoDB DEFAULT CHARSET=utf8;
/*!40101 SET character_set_client = @saved_cs_client */;

--
-- Dumping data for table `attaches`
--

LOCK TABLES `attaches` WRITE;
/*!40000 ALTER TABLE `attaches` DISABLE KEYS */;
/*!40000 ALTER TABLE `attaches` ENABLE KEYS */;
UNLOCK TABLES;

--
-- Table structure for table `cats`
--

DROP TABLE IF EXISTS `cats`;
/*!40101 SET @saved_cs_client     = @@character_set_client */;
/*!40101 SET character_set_client = utf8 */;
CREATE TABLE `cats` (
  `id` int(11) NOT NULL AUTO_INCREMENT,
  `cat_name` varchar(255) NOT NULL,
  `transliterated` varchar(255) NOT NULL,
  `sort` smallint(5) NOT NULL,
  `deleted` tinyint(1) NOT NULL,
  PRIMARY KEY (`id`)
) ENGINE=InnoDB AUTO_INCREMENT=4 DEFAULT CHARSET=utf8;
/*!40101 SET character_set_client = @saved_cs_client */;

--
-- Dumping data for table `cats`
--

LOCK TABLES `cats` WRITE;
/*!40000 ALTER TABLE `cats` DISABLE KEYS */;
INSERT INTO `cats` VALUES (1,'Фото и видео','Foto_i_video',0,0),(2,'Шоу-программа','Shou-programma',0,0),(3,'Залы, рестораны','Zaly,_restorany',0,0);
/*!40000 ALTER TABLE `cats` ENABLE KEYS */;
UNLOCK TABLES;

--
-- Table structure for table `cities`
--

DROP TABLE IF EXISTS `cities`;
/*!40101 SET @saved_cs_client     = @@character_set_client */;
/*!40101 SET character_set_client = utf8 */;
CREATE TABLE `cities` (
  `id` int(11) NOT NULL AUTO_INCREMENT,
  `city_name` varchar(255) NOT NULL,
  `country_id` int(11) NOT NULL,
  PRIMARY KEY (`id`)
) ENGINE=InnoDB AUTO_INCREMENT=7 DEFAULT CHARSET=utf8;
/*!40101 SET character_set_client = @saved_cs_client */;

--
-- Dumping data for table `cities`
--

LOCK TABLES `cities` WRITE;
/*!40000 ALTER TABLE `cities` DISABLE KEYS */;
INSERT INTO `cities` VALUES (1,'Москва',1),(2,'Санкт-Петербург',1),(3,'Сочи',1),(4,'Новосибирск',1),(5,'Минск',2),(6,'Брест',2);
/*!40000 ALTER TABLE `cities` ENABLE KEYS */;
UNLOCK TABLES;

--
-- Table structure for table `countries`
--

DROP TABLE IF EXISTS `countries`;
/*!40101 SET @saved_cs_client     = @@character_set_client */;
/*!40101 SET character_set_client = utf8 */;
CREATE TABLE `countries` (
  `id` int(11) NOT NULL AUTO_INCREMENT,
  `country_name` varchar(255) NOT NULL,
  PRIMARY KEY (`id`)
) ENGINE=InnoDB AUTO_INCREMENT=3 DEFAULT CHARSET=utf8;
/*!40101 SET character_set_client = @saved_cs_client */;

--
-- Dumping data for table `countries`
--

LOCK TABLES `countries` WRITE;
/*!40000 ALTER TABLE `countries` DISABLE KEYS */;
INSERT INTO `countries` VALUES (1,'Россия'),(2,'Беларусь');
/*!40000 ALTER TABLE `countries` ENABLE KEYS */;
UNLOCK TABLES;

--
-- Table structure for table `login_attempts`
--

DROP TABLE IF EXISTS `login_attempts`;
/*!40101 SET @saved_cs_client     = @@character_set_client */;
/*!40101 SET character_set_client = utf8 */;
CREATE TABLE `login_attempts` (
  `username` varchar(255) NOT NULL,
  `time` int(10) NOT NULL,
  `ip` varchar(15) NOT NULL,
  KEY `username_login` (`username`) USING BTREE
) ENGINE=InnoDB DEFAULT CHARSET=utf8;
/*!40101 SET character_set_client = @saved_cs_client */;

--
-- Dumping data for table `login_attempts`
--

LOCK TABLES `login_attempts` WRITE;
/*!40000 ALTER TABLE `login_attempts` DISABLE KEYS */;
INSERT INTO `login_attempts` VALUES ('admin@weedo.ru',1492265776,'127.0.0.1'),('admin@weedo.ru',1492265873,'127.0.0.1'),('admin@weedo.ru',1492265895,'127.0.0.1'),('admin@weedo.ru',1492265902,'127.0.0.1'),('admin@weedo.ru',1492265938,'127.0.0.1'),('admin@weedo.ru',1492265942,'127.0.0.1'),('admin@weedo.ru',1492265967,'127.0.0.1'),('admin@weedo.ru',1492266034,'127.0.0.1'),('admin@weedo.ru',1492266642,'127.0.0.1'),('admin@weedo.ru',1492266699,'127.0.0.1'),('admin@weedo.ru',1492266725,'127.0.0.1'),('admin@weedo.ru',1492266763,'127.0.0.1'),('admin@weedo.ru',1492274708,'127.0.0.1'),('admin@weedo.ru',1492274824,'127.0.0.1'),('admin@weedo.ru',1492274850,'127.0.0.1'),('admin@weedo.ru',1492274862,''),('admin@weedo.ru',1492274909,'127.0.0.1'),('admin@weedo.ru',1492275023,'127.0.0.1'),('admin@weedo.ru',1492275057,'127.0.0.1'),('admin@weedo.ru',1492276111,'127.0.0.1'),('admin@weedo.ru',1492276209,'127.0.0.1'),('admin@weedo.ru',1492276225,'127.0.0.1'),('admin@weedo.ru',1492295204,'127.0.0.1'),('admin@weedo.ru',1492295207,'127.0.0.1'),('admin@weedo.ru',1492295212,'127.0.0.1'),('admin@weedo.ru',1492295281,'127.0.0.1'),('admin@weedo.ru',1492295360,'127.0.0.1'),('admin@weedo.ru',1492295423,'127.0.0.1'),('admin@weedo.ru',1492295768,'127.0.0.1'),('admin@weedo.ru',1492295779,'127.0.0.1'),('admin@weedo.ru',1492295887,'127.0.0.1'),('admin@weedo.ru',1492448870,'127.0.0.1'),('admin@weedo.ru',1492448952,'127.0.0.1'),('admin@weedo.ru',1492543973,'127.0.0.1'),('admin@weedo.ru',1492543991,'127.0.0.1'),('admin@weedo.ru',1492544003,'127.0.0.1'),('admin@weedo.ru',1492544376,'127.0.0.1'),('admin@weedo.ru',1492544417,'127.0.0.1'),('demo',1492544485,'127.0.0.1'),('demo',1492544495,'127.0.0.1'),('demo',1492544560,'127.0.0.1'),('admin@weedo.ru',1492589386,'127.0.0.1'),('admin@weedo.ru',1492592296,'127.0.0.1'),('demo',1493035543,'127.0.0.1'),('demo',1493040247,'127.0.0.1');
/*!40000 ALTER TABLE `login_attempts` ENABLE KEYS */;
UNLOCK TABLES;

--
-- Table structure for table `messages`
--

DROP TABLE IF EXISTS `messages`;
/*!40101 SET @saved_cs_client     = @@character_set_client */;
/*!40101 SET character_set_client = utf8 */;
CREATE TABLE `messages` (
  `message_id` varchar(32) NOT NULL,
  `message_text` varchar(1024) NOT NULL,
  `timestamp` int(10) NOT NULL,
  `user_id_from` int(11) NOT NULL,
  `user_id_to` int(11) NOT NULL,
  `readed` tinyint(1) NOT NULL,
  PRIMARY KEY (`message_id`)
) ENGINE=InnoDB DEFAULT CHARSET=utf8;
/*!40101 SET character_set_client = @saved_cs_client */;

--
-- Dumping data for table `messages`
--

LOCK TABLES `messages` WRITE;
/*!40000 ALTER TABLE `messages` DISABLE KEYS */;
INSERT INTO `messages` VALUES ('7e31a8ef4b60f501a4498fba80a0a228','qwe',1492589945,1,3,0),('9fdadbc0adf9efb9883b261f82153df5','qwe',1492546217,1,3,0),('b14d416a3c50be09cf6d74fd8189b557','qwe',1492589994,1,3,0),('b5bc1752c8fefd34bf7e9c08f7183202','est',1492546466,1,3,0),('c922a78da9d635e75cbf9ffa2bc64b0b','sdad',1492590027,3,1,0),('e37f69cb940affc6908a943eb3894ac6','213123',1492546532,3,1,0);
/*!40000 ALTER TABLE `messages` ENABLE KEYS */;
UNLOCK TABLES;

--
-- Table structure for table `portfolio`
--

DROP TABLE IF EXISTS `portfolio`;
/*!40101 SET @saved_cs_client     = @@character_set_client */;
/*!40101 SET character_set_client = utf8 */;
CREATE TABLE `portfolio` (
  `portfolio_id` int(11) NOT NULL AUTO_INCREMENT,
  `title` varchar(60) NOT NULL,
  `descr` varchar(2048) NOT NULL,
  `created` int(10) NOT NULL,
  `user_id` int(11) NOT NULL,
  PRIMARY KEY (`portfolio_id`)
) ENGINE=InnoDB AUTO_INCREMENT=2 DEFAULT CHARSET=utf8;
/*!40101 SET character_set_client = @saved_cs_client */;

--
-- Dumping data for table `portfolio`
--

LOCK TABLES `portfolio` WRITE;
/*!40000 ALTER TABLE `portfolio` DISABLE KEYS */;
INSERT INTO `portfolio` VALUES (1,'test portfolio','description',1492605963,1);
/*!40000 ALTER TABLE `portfolio` ENABLE KEYS */;
UNLOCK TABLES;

--
-- Table structure for table `project`
--

DROP TABLE IF EXISTS `project`;
/*!40101 SET @saved_cs_client     = @@character_set_client */;
/*!40101 SET character_set_client = utf8 */;
CREATE TABLE `project` (
  `project_id` int(11) NOT NULL AUTO_INCREMENT,
  `title` varchar(50) NOT NULL,
  `descr` varchar(255) NOT NULL,
  `cost` mediumint(9) NOT NULL,
  `created` int(10) NOT NULL,
  `status_id` tinyint(2) NOT NULL,
  `user_id` int(11) NOT NULL,
  `accept_till` int(10) NOT NULL,
  `start_date` int(10) NOT NULL,
  `end_date` int(10) NOT NULL,
  `cat_id` int(11) NOT NULL,
  `subcat_id` int(11) NOT NULL,
  `city_id` int(11) NOT NULL,
  `safe_deal` tinyint(1) NOT NULL,
  `vip` tinyint(1) NOT NULL,
  `views` int(11) NOT NULL,
  `for_user_id` int(11) NOT NULL,
  PRIMARY KEY (`project_id`)
) ENGINE=InnoDB DEFAULT CHARSET=utf8;
/*!40101 SET character_set_client = @saved_cs_client */;

--
-- Dumping data for table `project`
--

LOCK TABLES `project` WRITE;
/*!40000 ALTER TABLE `project` DISABLE KEYS */;
/*!40000 ALTER TABLE `project` ENABLE KEYS */;
UNLOCK TABLES;

--
-- Table structure for table `project_responds`
--

DROP TABLE IF EXISTS `project_responds`;
/*!40101 SET @saved_cs_client     = @@character_set_client */;
/*!40101 SET character_set_client = utf8 */;
CREATE TABLE `project_responds` (
  `respond_id` int(11) NOT NULL AUTO_INCREMENT,
  `for_project_id` int(11) NOT NULL,
  `user_id` int(11) NOT NULL,
  `created` int(11) NOT NULL,
  `descr` varchar(1024) NOT NULL,
  `cost` mediumint(9) NOT NULL,
  `status_id` tinyint(1) NOT NULL,
  PRIMARY KEY (`respond_id`)
) ENGINE=InnoDB DEFAULT CHARSET=utf8;
/*!40101 SET character_set_client = @saved_cs_client */;

--
-- Dumping data for table `project_responds`
--

LOCK TABLES `project_responds` WRITE;
/*!40000 ALTER TABLE `project_responds` DISABLE KEYS */;
/*!40000 ALTER TABLE `project_responds` ENABLE KEYS */;
UNLOCK TABLES;

--
-- Table structure for table `project_responds_statuses`
--

DROP TABLE IF EXISTS `project_responds_statuses`;
/*!40101 SET @saved_cs_client     = @@character_set_client */;
/*!40101 SET character_set_client = utf8 */;
CREATE TABLE `project_responds_statuses` (
  `id` int(11) NOT NULL AUTO_INCREMENT,
  `status_name` varchar(255) NOT NULL,
  PRIMARY KEY (`id`)
) ENGINE=InnoDB AUTO_INCREMENT=5 DEFAULT CHARSET=utf8;
/*!40101 SET character_set_client = @saved_cs_client */;

--
-- Dumping data for table `project_responds_statuses`
--

LOCK TABLES `project_responds_statuses` WRITE;
/*!40000 ALTER TABLE `project_responds_statuses` DISABLE KEYS */;
INSERT INTO `project_responds_statuses` VALUES (1,'Опубликован'),(2,'Отказано пользователем'),(3,'Выбран исполнителем'),(4,'Заблокирован');
/*!40000 ALTER TABLE `project_responds_statuses` ENABLE KEYS */;
UNLOCK TABLES;

--
-- Table structure for table `project_statuses`
--

DROP TABLE IF EXISTS `project_statuses`;
/*!40101 SET @saved_cs_client     = @@character_set_client */;
/*!40101 SET character_set_client = utf8 */;
CREATE TABLE `project_statuses` (
  `id` smallint(3) NOT NULL AUTO_INCREMENT,
  `status_name` varchar(255) NOT NULL,
  PRIMARY KEY (`id`)
) ENGINE=InnoDB AUTO_INCREMENT=6 DEFAULT CHARSET=utf8;
/*!40101 SET character_set_client = @saved_cs_client */;

--
-- Dumping data for table `project_statuses`
--

LOCK TABLES `project_statuses` WRITE;
/*!40000 ALTER TABLE `project_statuses` DISABLE KEYS */;
INSERT INTO `project_statuses` VALUES (1,'Открыт'),(2,'В работе'),(3,'Выполнен'),(4,'Истёк'),(5,'Заблокирован');
/*!40000 ALTER TABLE `project_statuses` ENABLE KEYS */;
UNLOCK TABLES;

--
-- Table structure for table `subcats`
--

DROP TABLE IF EXISTS `subcats`;
/*!40101 SET @saved_cs_client     = @@character_set_client */;
/*!40101 SET character_set_client = utf8 */;
CREATE TABLE `subcats` (
  `id` int(11) NOT NULL AUTO_INCREMENT,
  `parent_cat_id` int(11) NOT NULL,
  `subcat_name` varchar(255) NOT NULL,
  `transliterated` varchar(255) NOT NULL,
  `sort` smallint(5) NOT NULL,
  `deleted` tinyint(1) NOT NULL,
  PRIMARY KEY (`id`)
) ENGINE=InnoDB AUTO_INCREMENT=11 DEFAULT CHARSET=utf8;
/*!40101 SET character_set_client = @saved_cs_client */;

--
-- Dumping data for table `subcats`
--

LOCK TABLES `subcats` WRITE;
/*!40000 ALTER TABLE `subcats` DISABLE KEYS */;
INSERT INTO `subcats` VALUES (1,1,'Фотографы','Fotografy',0,0),(2,1,'Видеографы','Videografy',0,0),(3,1,'Фотобудки','Fotobudki',0,0),(4,2,'Ведущие','Veduschie',0,0),(5,2,'Музыканты','Muzykanty',0,0),(6,2,'Артисты','Artisty',0,0),(7,3,'Банкетные залы','Banketnye_zaly',0,0),(8,3,'Рестораны','Restorany',0,0),(9,3,'Коттеджи','Kottedzhi',0,0),(10,3,'Теплоходы','Teplohody',0,0);
/*!40000 ALTER TABLE `subcats` ENABLE KEYS */;
UNLOCK TABLES;

--
-- Table structure for table `user_calendar`
--

DROP TABLE IF EXISTS `user_calendar`;
/*!40101 SET @saved_cs_client     = @@character_set_client */;
/*!40101 SET character_set_client = utf8 */;
CREATE TABLE `user_calendar` (
  `id` int(11) NOT NULL AUTO_INCREMENT,
  `user_id` int(11) NOT NULL,
  `timestamp` int(10) NOT NULL,
  `descr` varchar(1024) NOT NULL,
  PRIMARY KEY (`id`)
) ENGINE=InnoDB AUTO_INCREMENT=49 DEFAULT CHARSET=utf8;
/*!40101 SET character_set_client = @saved_cs_client */;

--
-- Dumping data for table `user_calendar`
--

LOCK TABLES `user_calendar` WRITE;
/*!40000 ALTER TABLE `user_calendar` DISABLE KEYS */;
INSERT INTO `user_calendar` VALUES (47,1,1493240400,''),(48,1,1493326800,'');
/*!40000 ALTER TABLE `user_calendar` ENABLE KEYS */;
UNLOCK TABLES;

--
-- Table structure for table `user_notes`
--

DROP TABLE IF EXISTS `user_notes`;
/*!40101 SET @saved_cs_client     = @@character_set_client */;
/*!40101 SET character_set_client = utf8 */;
CREATE TABLE `user_notes` (
  `note_text` varchar(255) NOT NULL,
  `user_id` int(11) NOT NULL,
  `for_user_id` int(11) NOT NULL,
  `timestamp` int(10) NOT NULL,
  PRIMARY KEY (`user_id`,`for_user_id`)
) ENGINE=InnoDB DEFAULT CHARSET=utf8;
/*!40101 SET character_set_client = @saved_cs_client */;

--
-- Dumping data for table `user_notes`
--

LOCK TABLES `user_notes` WRITE;
/*!40000 ALTER TABLE `user_notes` DISABLE KEYS */;
INSERT INTO `user_notes` VALUES ('',1,2,1492612086),('asd\n\nqwe',1,3,1492589933);
/*!40000 ALTER TABLE `user_notes` ENABLE KEYS */;
UNLOCK TABLES;

--
-- Table structure for table `user_responds`
--

DROP TABLE IF EXISTS `user_responds`;
/*!40101 SET @saved_cs_client     = @@character_set_client */;
/*!40101 SET character_set_client = utf8 */;
CREATE TABLE `user_responds` (
  `id` int(11) NOT NULL AUTO_INCREMENT,
  `user_id` int(11) NOT NULL,
  `project_id` int(11) NOT NULL,
  `author_id` int(11) NOT NULL,
  `descr` varchar(2048) NOT NULL,
  `created` int(10) NOT NULL,
  `grade` tinyint(1) NOT NULL,
  PRIMARY KEY (`id`)
) ENGINE=InnoDB AUTO_INCREMENT=4 DEFAULT CHARSET=utf8;
/*!40101 SET character_set_client = @saved_cs_client */;

--
-- Dumping data for table `user_responds`
--

LOCK TABLES `user_responds` WRITE;
/*!40000 ALTER TABLE `user_responds` DISABLE KEYS */;
INSERT INTO `user_responds` VALUES (1,1,104,3,'good user respond',1492359453,5),(2,1,104,3,'bad user respond',1492359453,4),(3,1,104,3,'good user respond 2',1492359476,8);
/*!40000 ALTER TABLE `user_responds` ENABLE KEYS */;
UNLOCK TABLES;

--
-- Table structure for table `user_statuses`
--

DROP TABLE IF EXISTS `user_statuses`;
/*!40101 SET @saved_cs_client     = @@character_set_client */;
/*!40101 SET character_set_client = utf8 */;
CREATE TABLE `user_statuses` (
  `state_id` smallint(5) NOT NULL AUTO_INCREMENT,
  `stateName` varchar(255) NOT NULL,
  PRIMARY KEY (`state_id`)
) ENGINE=InnoDB AUTO_INCREMENT=5 DEFAULT CHARSET=utf8;
/*!40101 SET character_set_client = @saved_cs_client */;

--
-- Dumping data for table `user_statuses`
--

LOCK TABLES `user_statuses` WRITE;
/*!40000 ALTER TABLE `user_statuses` DISABLE KEYS */;
INSERT INTO `user_statuses` VALUES (1,'Активен'),(2,'Не активирован'),(3,'Заблокирован'),(4,'Удалён');
/*!40000 ALTER TABLE `user_statuses` ENABLE KEYS */;
UNLOCK TABLES;

--
-- Table structure for table `user_templates`
--

DROP TABLE IF EXISTS `user_templates`;
/*!40101 SET @saved_cs_client     = @@character_set_client */;
/*!40101 SET character_set_client = utf8 */;
CREATE TABLE `user_templates` (
  `template_id` smallint(5) NOT NULL AUTO_INCREMENT,
  `templateName` varchar(255) NOT NULL,
  PRIMARY KEY (`template_id`)
) ENGINE=InnoDB AUTO_INCREMENT=3 DEFAULT CHARSET=utf8;
/*!40101 SET character_set_client = @saved_cs_client */;

--
-- Dumping data for table `user_templates`
--

LOCK TABLES `user_templates` WRITE;
/*!40000 ALTER TABLE `user_templates` DISABLE KEYS */;
INSERT INTO `user_templates` VALUES (1,'Общие'),(2,'Администратор');
/*!40000 ALTER TABLE `user_templates` ENABLE KEYS */;
UNLOCK TABLES;

--
-- Table structure for table `user_warnings`
--

DROP TABLE IF EXISTS `user_warnings`;
/*!40101 SET @saved_cs_client     = @@character_set_client */;
/*!40101 SET character_set_client = utf8 */;
CREATE TABLE `user_warnings` (
  `warning_id` int(11) NOT NULL AUTO_INCREMENT,
  `message_text` varchar(1024) NOT NULL,
  `created` int(10) NOT NULL,
  `for_user_id` int(11) NOT NULL,
  `user_id` int(11) NOT NULL,
  PRIMARY KEY (`warning_id`)
) ENGINE=InnoDB DEFAULT CHARSET=utf8;
/*!40101 SET character_set_client = @saved_cs_client */;

--
-- Dumping data for table `user_warnings`
--

LOCK TABLES `user_warnings` WRITE;
/*!40000 ALTER TABLE `user_warnings` DISABLE KEYS */;
/*!40000 ALTER TABLE `user_warnings` ENABLE KEYS */;
UNLOCK TABLES;

--
-- Table structure for table `users`
--

DROP TABLE IF EXISTS `users`;
/*!40101 SET @saved_cs_client     = @@character_set_client */;
/*!40101 SET character_set_client = utf8 */;
CREATE TABLE `users` (
  `user_id` int(11) NOT NULL AUTO_INCREMENT,
  `username` varchar(255) NOT NULL,
  `password` varchar(128) NOT NULL,
  `salt` varchar(128) NOT NULL,
  `last_name` varchar(255) NOT NULL,
  `first_name` varchar(255) NOT NULL,
  `company_name` varchar(255) NOT NULL,
  `phone` varchar(20) NOT NULL,
  `skype` varchar(75) NOT NULL,
  `city_id` int(4) NOT NULL,
  `country_id` int(11) NOT NULL,
  `registered` int(10) NOT NULL,
  `type_id` tinyint(1) NOT NULL,
  `last_ip` varchar(15) NOT NULL,
  `last_login` int(10) NOT NULL,
  `as_performer` tinyint(1) NOT NULL,
  `state_id` smallint(5) NOT NULL,
  `template_id` smallint(5) NOT NULL,
  `rating` int(11) NOT NULL,
  `site` varchar(255) NOT NULL,
  `gps` varchar(255) NOT NULL,
  `signature` varchar(140) NOT NULL,
  `rezume` varchar(2048) NOT NULL,
  `birthday` int(10) NOT NULL,
  `rek_last_name` varchar(100) NOT NULL,
  `rek_first_name` varchar(100) NOT NULL,
  `rek_second_name` varchar(100) NOT NULL,
  `rek_inn` varchar(32) NOT NULL,
  `rek_ogrnip` varchar(32) NOT NULL,
  `rek_ras_schet` varchar(32) NOT NULL,
  `rek_kor_schet` varchar(32) NOT NULL,
  `rek_bik` varchar(32) NOT NULL,
  PRIMARY KEY (`user_id`)
) ENGINE=InnoDB AUTO_INCREMENT=4 DEFAULT CHARSET=utf8;
/*!40101 SET character_set_client = @saved_cs_client */;

--
-- Dumping data for table `users`
--

LOCK TABLES `users` WRITE;
/*!40000 ALTER TABLE `users` DISABLE KEYS */;
INSERT INTO `users` VALUES (0,'GUEST','0-','0-','GUEST','','','','',0,0,1492371605,1,'::1',0,0,3,1,0,'','','','',0,'','','','0','0','0','0','0'),(1,'admin@weedo.ru','4052a28f3e6dd1985e5a914959366a7c2928c7f24b9eb2735d020bd318de7eaae0f361c3e970c993302a2592ffe4296ff0c4be937b8ac6a40c53a88ffc93f050','390e7342f25f7547ad72477ed1c6109b08d204057710fe8807e57096b33fd8e80f200d5464413b3a73c565aee5b0eac02563e313e734492b0268c90bc40489ed','Тетерин','Евгений','WEEDO COMPANY','+79312553075','skype://stuff.r59',2,1,1492271605,1,'127.0.0.1',1493068235,1,1,1,0,'http://vk.com/e.teterin','59.98545387678666,30.209140777587894','Halliluyah!!!','ХЗ!',-178426800,'123','321','456','12321321','12341','563664564','7896034563','4524234'),(2,'manager','0cd70e6f975a5b33c004c985bd54ee205ae4948bc5b5bf884fd7c00d05003a8ea282cef4de856774d6dfa4a624eb82688731a6b154f25f4bcf7aee134afe7208','85efddff8007206baa90b823d8f970aefbde37bb60d605ab9c6e925fea73d21bcdda2b9a77a995d689daa94bdd3654f3043c55c275e36800742c457f5f2ba707','Менеджер 1','','Manager Company','','',1,1,1492171605,2,'192.168.2.245',1491926934,1,1,1,0,'','','','',0,'','','','0','0','0','0','0'),(3,'demo','2a04e3d3ff6353d201fd021ff9795b2a389de6ed973e40ce6357e669abd63b58b0f79482e58d0bfd2285bc6ecaba3c00c3169c53b6cc182331c5ff423c4cb282','e31c083c156a6014a56da3f6657a075ff39fefa38ab675e2c1593b724ac59d20c58c2f9840a8357b6e0df6c258f3ce8c0889099c3931b7b98eb933bc21a69b1f','Демо','','OOO Гранат & Company & Friends','','',3,1,1491971605,1,'127.0.0.1',1493040347,0,1,1,0,'','','','',316299600,'','','','','','','','');
/*!40000 ALTER TABLE `users` ENABLE KEYS */;
UNLOCK TABLES;

--
-- Table structure for table `warnings`
--

DROP TABLE IF EXISTS `warnings`;
/*!40101 SET @saved_cs_client     = @@character_set_client */;
/*!40101 SET character_set_client = utf8 */;
CREATE TABLE `warnings` (
  `id` int(11) NOT NULL AUTO_INCREMENT,
  `for_project_id` int(11) NOT NULL,
  `for_respond_id` int(11) NOT NULL,
  `for_user_id` int(11) NOT NULL,
  `message` varchar(1024) NOT NULL,
  `user_id` int(11) NOT NULL,
  PRIMARY KEY (`id`)
) ENGINE=InnoDB AUTO_INCREMENT=2 DEFAULT CHARSET=utf8;
/*!40101 SET character_set_client = @saved_cs_client */;

--
-- Dumping data for table `warnings`
--

LOCK TABLES `warnings` WRITE;
/*!40000 ALTER TABLE `warnings` DISABLE KEYS */;
INSERT INTO `warnings` VALUES (1,104,0,0,'Систематическое нарушение правил. Блокировка создания проектов на 3 дня',1);
/*!40000 ALTER TABLE `warnings` ENABLE KEYS */;
UNLOCK TABLES;
/*!40103 SET TIME_ZONE=@OLD_TIME_ZONE */;

/*!40101 SET SQL_MODE=@OLD_SQL_MODE */;
/*!40014 SET FOREIGN_KEY_CHECKS=@OLD_FOREIGN_KEY_CHECKS */;
/*!40014 SET UNIQUE_CHECKS=@OLD_UNIQUE_CHECKS */;
/*!40101 SET CHARACTER_SET_CLIENT=@OLD_CHARACTER_SET_CLIENT */;
/*!40101 SET CHARACTER_SET_RESULTS=@OLD_CHARACTER_SET_RESULTS */;
/*!40101 SET COLLATION_CONNECTION=@OLD_COLLATION_CONNECTION */;
/*!40111 SET SQL_NOTES=@OLD_SQL_NOTES */;

-- Dump completed on 2017-04-25  0:13:48
